{
    "uvs":[],
    "materials":[{
        "depthWrite":true,
        "DbgIndex":0,
        "transparent":false,
        "opacity":1,
        "colorEmissive":[0,0,0],
        "vertexColors":false,
        "doubleSided":false,
        "shading":"lambert",
        "DbgColor":15658734,
        "depthTest":true,
        "visible":true,
        "DbgName":"Snow",
        "wireframe":false,
        "blending":1,
        "colorDiffuse":[0.635207,0.595671,0.531403]
    }],
    "metadata":{
        "materials":1,
        "faces":86,
        "uvs":0,
        "type":"Geometry",
        "colors":0,
        "vertices":49,
        "normals":86,
        "generator":"io_three",
        "version":3
    },
    "colors":[],
    "faces":[34,7,4,5,0,0,0,0,34,3,9,10,0,1,1,1,34,2,10,11,0,2,2,2,34,8,14,9,0,3,3,3,34,10,0,1,0,4,4,4,34,0,17,18,0,5,5,5,34,17,16,18,0,6,6,6,34,18,19,1,0,7,7,7,34,18,16,19,0,8,8,8,34,16,15,19,0,9,9,9,34,15,11,19,0,10,10,10,34,19,11,1,0,11,11,11,34,11,10,1,0,12,12,12,34,1,0,18,0,13,13,13,34,9,17,0,0,14,14,14,34,9,14,17,0,15,15,15,34,14,16,17,0,16,16,16,34,14,12,16,0,17,17,17,34,12,15,16,0,18,18,18,34,13,11,15,0,19,19,19,34,10,9,0,0,20,20,20,34,8,12,14,0,21,21,21,34,12,13,15,0,22,22,22,34,12,6,13,0,23,23,23,34,13,6,11,0,24,24,24,34,6,2,11,0,25,25,25,34,2,3,10,0,26,26,26,34,3,8,9,0,27,27,27,34,4,7,8,0,28,28,28,34,7,12,8,0,29,29,29,34,7,5,12,0,30,30,30,34,5,6,12,0,31,31,31,34,5,2,6,0,32,32,32,34,3,4,8,0,33,33,33,34,5,4,2,0,34,34,34,34,4,3,2,0,35,35,35,34,20,22,27,0,36,36,36,34,22,23,21,0,37,37,37,34,20,27,30,0,38,38,38,34,21,23,28,0,39,39,39,34,31,30,33,0,40,40,40,34,33,32,31,0,41,41,41,34,32,25,31,0,42,42,42,34,25,29,31,0,43,43,43,34,29,30,31,0,44,44,44,34,27,33,30,0,45,45,45,34,28,32,33,0,46,46,46,34,26,25,32,0,47,47,47,34,24,29,25,0,48,48,48,34,20,30,29,0,49,49,49,34,27,28,33,0,50,50,50,34,27,21,28,0,51,51,51,34,28,26,32,0,52,52,52,34,28,23,26,0,53,53,53,34,26,23,25,0,54,54,54,34,23,24,25,0,55,55,55,34,24,20,29,0,56,56,56,34,22,21,27,0,57,57,57,34,22,24,23,0,58,58,58,34,22,20,24,0,59,59,59,34,34,40,38,0,60,60,60,34,34,38,42,0,61,61,61,34,35,34,43,0,62,62,62,34,37,36,46,0,63,63,63,34,38,37,45,0,64,64,64,34,34,42,43,0,65,65,65,34,35,43,44,0,66,66,66,34,37,46,45,0,67,67,67,34,38,45,42,0,68,68,68,34,43,47,39,0,69,69,69,34,47,48,39,0,70,70,70,34,48,46,39,0,71,71,71,34,46,44,39,0,72,72,72,34,44,43,39,0,73,73,73,34,42,45,47,0,74,74,74,34,45,48,47,0,75,75,75,34,45,46,48,0,76,76,76,34,36,44,46,0,77,77,77,34,43,42,47,0,78,78,78,34,36,35,44,0,79,79,79,34,40,37,38,0,80,80,80,34,40,41,37,0,81,81,81,34,41,36,37,0,82,82,82,34,41,35,36,0,83,83,83,34,41,40,35,0,84,84,84,34,40,34,35,0,85,85,85],
    "vertices":[0.451134,0.965524,-0.143501,0.506978,0.951573,-0.204568,0.396944,0.84508,-0.188114,0.401063,0.892024,-0.101774,0.418293,0.832682,-0.0900501,0.434958,0.788186,-0.147715,0.476268,0.787341,-0.195134,0.457372,0.796387,-0.0991585,0.482932,0.863298,-0.0554321,0.43875,0.942084,-0.0963341,0.40883,0.914241,-0.204125,0.470951,0.870453,-0.249808,0.544877,0.805861,-0.117808,0.5256,0.805877,-0.207393,0.537871,0.888681,-0.0725591,0.563287,0.855937,-0.201953,0.567406,0.902881,-0.115613,0.510737,0.948748,-0.103003,0.529392,0.959774,-0.156011,0.546057,0.915279,-0.213677,0.50214,0.871761,-0.0729283,0.581631,0.821851,-0.0211777,0.521666,0.819587,-0.0412606,0.568931,0.795304,-0.0831292,0.518117,0.849216,-0.11082,0.557977,0.857813,-0.133987,0.593583,0.815738,-0.106351,0.551761,0.876502,-0.00698964,0.616776,0.838884,-0.0389132,0.534512,0.909225,-0.095407,0.551243,0.915042,-0.0360184,0.580706,0.917312,-0.0951046,0.615981,0.867768,-0.11152,0.619837,0.888963,-0.0521896,0.349454,0.880915,-0.210673,0.379361,0.838811,-0.248623,0.438085,0.822981,-0.236722,0.435951,0.85013,-0.162467,0.384428,0.887911,-0.157426,0.444774,0.921474,-0.253105,0.368971,0.838906,-0.184471,0.403599,0.820642,-0.190111,0.384301,0.923803,-0.177202,0.364807,0.905662,-0.247432,0.405281,0.877132,-0.277197,0.448883,0.889009,-0.161711,0.472179,0.856927,-0.233049,0.408953,0.944237,-0.200424,0.467142,0.908282,-0.1954],
    "normals":[-0.577123,-0.71871,0.387794,-0.800599,0.595277,0.0684583,-0.623733,-0.0729579,-0.778225,0.0499353,0.482102,0.874691,-0.314649,0.821567,-0.475419,0.109104,0.964845,0.239103,0.633464,0.682341,0.364875,0.577123,0.718711,-0.387793,0.863944,0.487451,-0.12646,0.953977,0.242004,-0.177092,0.454253,-0.043896,-0.88979,0.17969,0.417063,-0.890938,-0.211338,0.54598,-0.810704,0.0424804,0.98174,-0.185423,-0.0428819,0.899133,0.435571,0.0388033,0.46564,0.884123,0.584549,0.5611,0.586062,0.837303,-0.205889,0.506491,0.97079,-0.227172,0.0772022,0.421062,-0.221408,-0.879594,-0.811092,0.580051,0.0753039,0.436787,-0.402566,0.804461,0.795951,-0.580596,-0.171377,0.335033,-0.939432,-0.072259,-0.00107306,-0.549628,-0.835409,-0.438861,-0.513257,-0.737542,-0.986266,0.160229,-0.0400662,-0.420551,0.220985,0.879945,-0.235207,-0.467146,0.852322,0.228776,-0.592275,0.772575,0.129477,-0.985821,0.106734,0.124083,-0.984284,0.125652,-0.547616,-0.695843,-0.464671,-0.483728,0.0323412,0.874621,-0.863945,-0.487449,0.126461,-0.953977,-0.242004,0.177092,-0.799607,0.0632142,0.597188,-0.102925,-0.906472,0.409531,-0.748165,0.392758,0.534781,0.519928,-0.818565,0.244185,0.392758,0.890404,0.230047,0.740543,0.616151,-0.268243,0.250733,0.460635,-0.851439,-0.0943694,0.569618,-0.816474,-0.17193,0.983942,-0.0479331,0.385483,0.558443,0.734537,0.996677,-0.0713496,-0.0392891,0.386969,-0.254624,-0.88624,-0.526202,0.343561,-0.777867,-0.709451,0.69227,0.132065,0.518857,0.189282,0.833642,0.446061,0.0114615,0.894929,0.898796,-0.403853,-0.170494,0.656121,-0.753929,0.0331106,-0.174892,-0.639647,-0.748508,-0.281347,-0.634806,-0.719628,-0.771898,0.347612,-0.532296,-0.280501,-0.381922,0.880599,-0.622924,-0.730665,-0.279456,-0.899576,-0.416493,-0.131517,-0.83252,-0.0422508,0.552382,-0.81996,0.273995,0.502585,-0.859382,-0.178571,-0.479139,0.66368,-0.696176,0.27362,0.0669798,-0.0416761,0.996884,-0.799559,0.596749,0.0677887,-0.644123,-0.126805,-0.754338,0.8614,-0.294582,0.413777,0.0499343,0.482103,0.87469,-0.201939,0.841583,-0.500957,0.526221,0.850294,-0.00960345,0.910964,0.298251,-0.284941,0.544375,-0.0293401,-0.838328,-0.171755,0.584034,-0.79335,0.168341,0.644511,0.745833,0.379711,0.699169,0.605791,0.904616,-0.190716,0.381179,0.43927,-0.351762,-0.826623,-0.647543,0.761838,-0.0170498,0.00111184,-0.598261,-0.801301,-0.21974,-0.417328,0.881789,-0.169019,-0.569012,0.804772,0.479309,-0.819744,0.3135,-0.215281,-0.954325,-0.207166,-0.474783,-0.876849,-0.0756106,-0.86217,-0.487198,-0.138926]
}