{
    "materials":[{
        "DbgColor":15658734,
        "colorDiffuse":[0.358846,0.159129,0.054228],
        "DbgIndex":0,
        "vertexColors":false,
        "DbgName":"Trunk.001",
        "doubleSided":false,
        "transparent":false,
        "depthTest":true,
        "wireframe":false,
        "visible":true,
        "opacity":1,
        "colorEmissive":[0,0,0],
        "shading":"lambert",
        "blending":1,
        "depthWrite":true
    },{
        "DbgColor":15597568,
        "colorDiffuse":[0.0335537,0.17123,0.0531268],
        "DbgIndex":1,
        "vertexColors":false,
        "DbgName":"Leaves.001",
        "doubleSided":false,
        "transparent":false,
        "depthTest":true,
        "wireframe":false,
        "visible":true,
        "opacity":1,
        "colorEmissive":[0,0,0],
        "shading":"lambert",
        "blending":1,
        "depthWrite":true
    }],
    "faces":[35,0,1,3,2,0,0,0,0,0,35,2,3,5,4,0,1,1,1,1,35,4,5,7,6,0,2,2,2,2,35,6,7,9,8,0,3,3,3,3,34,5,3,1,0,4,4,4,34,1,11,9,0,5,5,5,34,9,7,5,0,5,5,5,34,1,9,5,0,5,5,5,35,8,9,11,10,0,6,6,6,6,35,1,0,10,11,0,7,7,7,7,34,10,0,2,0,8,8,8,34,2,4,6,0,9,9,9,34,6,8,10,0,9,9,9,34,2,6,10,0,9,9,9,34,15,17,12,1,10,10,10,34,12,17,13,1,11,11,11,34,16,20,21,1,12,12,12,34,12,13,23,1,13,13,13,34,18,23,19,1,14,14,14,34,21,24,14,1,15,15,15,34,13,21,14,1,16,16,16,34,23,13,14,1,17,17,17,34,25,23,14,1,18,18,18,34,24,25,14,1,19,19,19,34,19,23,25,1,20,20,20,34,22,21,13,1,21,21,21,34,21,20,24,1,22,22,22,34,20,25,24,1,23,23,23,34,20,19,25,1,24,24,24,34,18,12,23,1,25,25,25,34,13,17,22,1,26,26,26,34,22,17,21,1,27,27,27,34,17,16,21,1,28,28,28,34,16,19,20,1,29,29,29,34,15,12,18,1,30,30,30,34,15,16,17,1,31,31,31,34,19,15,18,1,32,32,32,34,15,19,16,1,33,33,33],
    "metadata":{
        "generator":"io_three",
        "vertices":26,
        "uvs":0,
        "normals":34,
        "type":"Geometry",
        "faces":38,
        "colors":0,
        "materials":2,
        "version":3
    },
    "uvs":[],
    "vertices":[-0.000615999,0.00367615,-0.105622,-0.000615999,0.571321,-0.0611424,0.0909362,0.00367615,-0.0527645,0.0501906,0.571321,-0.0318092,0.0909362,0.00367615,0.0529509,0.0501906,0.571321,0.0268572,-0.000616007,0.00367615,0.105809,-0.000615999,0.571321,0.0561904,-0.0921682,0.00367615,0.0529509,-0.0514226,0.571321,0.0268572,-0.0921682,0.00367615,-0.0527645,-0.0514226,0.571321,-0.0318092,-0.0855807,0.552856,-0.294039,-0.217675,0.954863,-0.321672,-0.0639704,1.2198,-0.0689199,0.0709473,0.416552,0.0291031,0.00211864,0.619852,0.31794,-0.318443,0.563982,-0.0199084,0.203181,0.619853,-0.292427,0.395609,0.715326,0.0276615,0.125627,0.838466,0.355995,-0.333422,0.953242,0.177332,-0.39176,0.797885,-0.0199084,0.125051,0.880692,-0.394038,0.027959,1.07487,0.283679,0.32542,1.07237,-0.0199084],
    "colors":[],
    "normals":[0.498853,0.0677046,-0.864038,0.997434,0.0715958,1.79195e-07,0.498573,0.0754838,0.863555,-0.498574,0.0754838,0.863555,0,1,-0,0,1,0,-0.997434,0.0715958,0,-0.498853,0.0677046,-0.864038,-0,-1,0,0,-1,0,-0.318502,-0.918773,-0.233265,-0.736383,-0.284172,-0.613993,-0.354287,0.0375061,0.934384,-0.233997,-0.142991,-0.961665,0.849371,0.0497257,-0.525448,-0.399663,0.806502,0.435688,-0.769012,0.614418,-0.176381,-0.00300807,0.691184,-0.722673,0.3528,0.742532,-0.569367,0.306176,0.905917,0.292524,0.854824,0.100207,-0.509151,-0.817037,0.545163,-0.187745,-0.325516,0.151037,0.933395,0.638331,0.453892,0.621704,0.792236,0.23099,0.564806,0.0840549,-0.339739,-0.936756,-0.7795,-0.244332,-0.576786,-0.847359,-0.265602,0.459824,-0.644406,-0.365217,0.671831,0.597827,-0.452887,0.661435,0.20285,-0.86318,-0.462355,-0.363093,-0.800463,0.476888,0.665154,-0.723676,-0.184019,0.561671,-0.607629,0.561528]
}